{
  "version": 1,
  "size": {
    "x": 48,
    "y": 48
  },
  "license": "CC-BY-SA-3.0",
  "copyright": "Made by XcenLegend (discord:xcenlegend)",
  "states": [
    {
      "name": "icon"
    },
    {
      "name": "alive",
      "directions": 4
    },
    {
        "name": "tongue",
        "directions": 4,
        "delays": [
          0.15,
          0.15,
          0.15,
          0.15,
          0.15,
          0.15,
          0.15,
          0.15,
          0.15,
          0.15,
          0.075
      ]
    },
    {
      "name": "dead"
    }
  ]
}
